username,password,firstname,lastname,email
tool_generator_000001,moodle,1,testuser,test001@localhost.localdomain.com
tool_generator_000002,moodle,2,testuser,test002@localhost.localdomain.com
tool_generator_000003,moodle,3,testuser,test003@localhost.localdomain.com
tool_generator_000004,moodle,4,testuser,test004@localhost.localdomain.com
tool_generator_000005,moodle,5,testuser,test005@localhost.localdomain.com
tool_generator_000006,moodle,6,testuser,test006@localhost.localdomain.com
tool_generator_000007,moodle,7,testuser,test007@localhost.localdomain.com
tool_generator_000008,moodle,8,testuser,test008@localhost.localdomain.com
tool_generator_000009,moodle,9,testuser,test009@localhost.localdomain.com
tool_generator_000010,moodle,10,testuser,test010@localhost.localdomain.com
tool_generator_000011,moodle,11,testuser,test011@localhost.localdomain.com
tool_generator_000012,moodle,12,testuser,test012@localhost.localdomain.com
tool_generator_000013,moodle,13,testuser,test013@localhost.localdomain.com
tool_generator_000014,moodle,14,testuser,test014@localhost.localdomain.com
tool_generator_000015,moodle,15,testuser,test015@localhost.localdomain.com
tool_generator_000016,moodle,16,testuser,test016@localhost.localdomain.com
tool_generator_000017,moodle,17,testuser,test017@localhost.localdomain.com
tool_generator_000018,moodle,18,testuser,test018@localhost.localdomain.com
tool_generator_000019,moodle,19,testuser,test019@localhost.localdomain.com
tool_generator_000020,moodle,20,testuser,test020@localhost.localdomain.com
tool_generator_000021,moodle,21,testuser,test021@localhost.localdomain.com
tool_generator_000022,moodle,22,testuser,test022@localhost.localdomain.com
tool_generator_000023,moodle,23,testuser,test023@localhost.localdomain.com
tool_generator_000024,moodle,24,testuser,test024@localhost.localdomain.com
tool_generator_000025,moodle,25,testuser,test025@localhost.localdomain.com
tool_generator_000026,moodle,26,testuser,test026@localhost.localdomain.com
tool_generator_000027,moodle,27,testuser,test027@localhost.localdomain.com
tool_generator_000028,moodle,28,testuser,test028@localhost.localdomain.com
tool_generator_000029,moodle,29,testuser,test029@localhost.localdomain.com
tool_generator_000030,moodle,30,testuser,test030@localhost.localdomain.com
tool_generator_000031,moodle,31,testuser,test031@localhost.localdomain.com
tool_generator_000032,moodle,32,testuser,test032@localhost.localdomain.com
tool_generator_000033,moodle,33,testuser,test033@localhost.localdomain.com
tool_generator_000034,moodle,34,testuser,test034@localhost.localdomain.com
tool_generator_000035,moodle,35,testuser,test035@localhost.localdomain.com
tool_generator_000036,moodle,36,testuser,test036@localhost.localdomain.com
tool_generator_000037,moodle,37,testuser,test037@localhost.localdomain.com
tool_generator_000038,moodle,38,testuser,test038@localhost.localdomain.com
tool_generator_000039,moodle,39,testuser,test039@localhost.localdomain.com
tool_generator_000040,moodle,40,testuser,test040@localhost.localdomain.com
tool_generator_000041,moodle,41,testuser,test041@localhost.localdomain.com
tool_generator_000042,moodle,42,testuser,test042@localhost.localdomain.com
tool_generator_000043,moodle,43,testuser,test043@localhost.localdomain.com
tool_generator_000044,moodle,44,testuser,test044@localhost.localdomain.com
tool_generator_000045,moodle,45,testuser,test045@localhost.localdomain.com
tool_generator_000046,moodle,46,testuser,test046@localhost.localdomain.com
tool_generator_000047,moodle,47,testuser,test047@localhost.localdomain.com
tool_generator_000048,moodle,48,testuser,test048@localhost.localdomain.com
tool_generator_000049,moodle,49,testuser,test049@localhost.localdomain.com
tool_generator_000050,moodle,50,testuser,test050@localhost.localdomain.com
tool_generator_000051,moodle,51,testuser,test051@localhost.localdomain.com
tool_generator_000052,moodle,52,testuser,test052@localhost.localdomain.com
tool_generator_000053,moodle,53,testuser,test053@localhost.localdomain.com
tool_generator_000054,moodle,54,testuser,test054@localhost.localdomain.com
tool_generator_000055,moodle,55,testuser,test055@localhost.localdomain.com
tool_generator_000056,moodle,56,testuser,test056@localhost.localdomain.com
tool_generator_000057,moodle,57,testuser,test057@localhost.localdomain.com
tool_generator_000058,moodle,58,testuser,test058@localhost.localdomain.com
tool_generator_000059,moodle,59,testuser,test059@localhost.localdomain.com
tool_generator_000060,moodle,60,testuser,test060@localhost.localdomain.com
tool_generator_000061,moodle,61,testuser,test061@localhost.localdomain.com
tool_generator_000062,moodle,62,testuser,test062@localhost.localdomain.com
tool_generator_000063,moodle,63,testuser,test063@localhost.localdomain.com
tool_generator_000064,moodle,64,testuser,test064@localhost.localdomain.com
tool_generator_000065,moodle,65,testuser,test065@localhost.localdomain.com
tool_generator_000066,moodle,66,testuser,test066@localhost.localdomain.com
tool_generator_000067,moodle,67,testuser,test067@localhost.localdomain.com
tool_generator_000068,moodle,68,testuser,test068@localhost.localdomain.com
tool_generator_000069,moodle,69,testuser,test069@localhost.localdomain.com
tool_generator_000070,moodle,70,testuser,test070@localhost.localdomain.com
tool_generator_000071,moodle,71,testuser,test071@localhost.localdomain.com
tool_generator_000072,moodle,72,testuser,test072@localhost.localdomain.com
tool_generator_000073,moodle,73,testuser,test073@localhost.localdomain.com
tool_generator_000074,moodle,74,testuser,test074@localhost.localdomain.com
tool_generator_000075,moodle,75,testuser,test075@localhost.localdomain.com
tool_generator_000076,moodle,76,testuser,test076@localhost.localdomain.com
tool_generator_000077,moodle,77,testuser,test077@localhost.localdomain.com
tool_generator_000078,moodle,78,testuser,test078@localhost.localdomain.com
tool_generator_000079,moodle,79,testuser,test079@localhost.localdomain.com
tool_generator_000080,moodle,80,testuser,test080@localhost.localdomain.com
tool_generator_000081,moodle,81,testuser,test081@localhost.localdomain.com
tool_generator_000082,moodle,82,testuser,test082@localhost.localdomain.com
tool_generator_000083,moodle,83,testuser,test083@localhost.localdomain.com
tool_generator_000084,moodle,84,testuser,test084@localhost.localdomain.com
tool_generator_000085,moodle,85,testuser,test085@localhost.localdomain.com
tool_generator_000086,moodle,86,testuser,test086@localhost.localdomain.com
tool_generator_000087,moodle,87,testuser,test087@localhost.localdomain.com
tool_generator_000088,moodle,88,testuser,test088@localhost.localdomain.com
tool_generator_000089,moodle,89,testuser,test089@localhost.localdomain.com
tool_generator_000090,moodle,90,testuser,test090@localhost.localdomain.com
tool_generator_000091,moodle,91,testuser,test091@localhost.localdomain.com
tool_generator_000092,moodle,92,testuser,test092@localhost.localdomain.com
tool_generator_000093,moodle,93,testuser,test093@localhost.localdomain.com
tool_generator_000094,moodle,94,testuser,test094@localhost.localdomain.com
tool_generator_000095,moodle,95,testuser,test095@localhost.localdomain.com
tool_generator_000096,moodle,96,testuser,test096@localhost.localdomain.com
tool_generator_000097,moodle,97,testuser,test097@localhost.localdomain.com
tool_generator_000098,moodle,98,testuser,test098@localhost.localdomain.com
tool_generator_000099,moodle,99,testuser,test099@localhost.localdomain.com
tool_generator_000100,moodle,100,testuser,test100@localhost.localdomain.com
tool_generator_000101,moodle,101,testuser,test101@localhost.localdomain.com
tool_generator_000102,moodle,102,testuser,test102@localhost.localdomain.com
tool_generator_000103,moodle,103,testuser,test103@localhost.localdomain.com
tool_generator_000104,moodle,104,testuser,test104@localhost.localdomain.com
tool_generator_000105,moodle,105,testuser,test105@localhost.localdomain.com
tool_generator_000106,moodle,106,testuser,test106@localhost.localdomain.com
tool_generator_000107,moodle,107,testuser,test107@localhost.localdomain.com
tool_generator_000108,moodle,108,testuser,test108@localhost.localdomain.com
tool_generator_000109,moodle,109,testuser,test109@localhost.localdomain.com
tool_generator_000110,moodle,110,testuser,test110@localhost.localdomain.com
tool_generator_000111,moodle,111,testuser,test111@localhost.localdomain.com
tool_generator_000112,moodle,112,testuser,test112@localhost.localdomain.com
tool_generator_000113,moodle,113,testuser,test113@localhost.localdomain.com
tool_generator_000114,moodle,114,testuser,test114@localhost.localdomain.com
tool_generator_000115,moodle,115,testuser,test115@localhost.localdomain.com
tool_generator_000116,moodle,116,testuser,test116@localhost.localdomain.com
tool_generator_000117,moodle,117,testuser,test117@localhost.localdomain.com
tool_generator_000118,moodle,118,testuser,test118@localhost.localdomain.com
tool_generator_000119,moodle,119,testuser,test119@localhost.localdomain.com
tool_generator_000120,moodle,120,testuser,test120@localhost.localdomain.com
tool_generator_000121,moodle,121,testuser,test121@localhost.localdomain.com
tool_generator_000122,moodle,122,testuser,test122@localhost.localdomain.com
tool_generator_000123,moodle,123,testuser,test123@localhost.localdomain.com
tool_generator_000124,moodle,124,testuser,test124@localhost.localdomain.com
tool_generator_000125,moodle,125,testuser,test125@localhost.localdomain.com
tool_generator_000126,moodle,126,testuser,test126@localhost.localdomain.com
tool_generator_000127,moodle,127,testuser,test127@localhost.localdomain.com
tool_generator_000128,moodle,128,testuser,test128@localhost.localdomain.com
tool_generator_000129,moodle,129,testuser,test129@localhost.localdomain.com
tool_generator_000130,moodle,130,testuser,test130@localhost.localdomain.com
tool_generator_000131,moodle,131,testuser,test131@localhost.localdomain.com
tool_generator_000132,moodle,132,testuser,test132@localhost.localdomain.com
tool_generator_000133,moodle,133,testuser,test133@localhost.localdomain.com
tool_generator_000134,moodle,134,testuser,test134@localhost.localdomain.com
tool_generator_000135,moodle,135,testuser,test135@localhost.localdomain.com
tool_generator_000136,moodle,136,testuser,test136@localhost.localdomain.com
tool_generator_000137,moodle,137,testuser,test137@localhost.localdomain.com
tool_generator_000138,moodle,138,testuser,test138@localhost.localdomain.com
tool_generator_000139,moodle,139,testuser,test139@localhost.localdomain.com
tool_generator_000140,moodle,140,testuser,test140@localhost.localdomain.com
tool_generator_000141,moodle,141,testuser,test141@localhost.localdomain.com
tool_generator_000142,moodle,142,testuser,test142@localhost.localdomain.com
tool_generator_000143,moodle,143,testuser,test143@localhost.localdomain.com
tool_generator_000144,moodle,144,testuser,test144@localhost.localdomain.com
tool_generator_000145,moodle,145,testuser,test145@localhost.localdomain.com
tool_generator_000146,moodle,146,testuser,test146@localhost.localdomain.com
tool_generator_000147,moodle,147,testuser,test147@localhost.localdomain.com
tool_generator_000148,moodle,148,testuser,test148@localhost.localdomain.com
tool_generator_000149,moodle,149,testuser,test149@localhost.localdomain.com
tool_generator_000150,moodle,150,testuser,test150@localhost.localdomain.com
tool_generator_000151,moodle,151,testuser,test151@localhost.localdomain.com
tool_generator_000152,moodle,152,testuser,test152@localhost.localdomain.com
tool_generator_000153,moodle,153,testuser,test153@localhost.localdomain.com
tool_generator_000154,moodle,154,testuser,test154@localhost.localdomain.com
tool_generator_000155,moodle,155,testuser,test155@localhost.localdomain.com
tool_generator_000156,moodle,156,testuser,test156@localhost.localdomain.com
tool_generator_000157,moodle,157,testuser,test157@localhost.localdomain.com
tool_generator_000158,moodle,158,testuser,test158@localhost.localdomain.com
tool_generator_000159,moodle,159,testuser,test159@localhost.localdomain.com
tool_generator_000160,moodle,160,testuser,test160@localhost.localdomain.com
tool_generator_000161,moodle,161,testuser,test161@localhost.localdomain.com
tool_generator_000162,moodle,162,testuser,test162@localhost.localdomain.com
tool_generator_000163,moodle,163,testuser,test163@localhost.localdomain.com
tool_generator_000164,moodle,164,testuser,test164@localhost.localdomain.com
tool_generator_000165,moodle,165,testuser,test165@localhost.localdomain.com
tool_generator_000166,moodle,166,testuser,test166@localhost.localdomain.com
tool_generator_000167,moodle,167,testuser,test167@localhost.localdomain.com
tool_generator_000168,moodle,168,testuser,test168@localhost.localdomain.com
tool_generator_000169,moodle,169,testuser,test169@localhost.localdomain.com
tool_generator_000170,moodle,170,testuser,test170@localhost.localdomain.com
tool_generator_000171,moodle,171,testuser,test171@localhost.localdomain.com
tool_generator_000172,moodle,172,testuser,test172@localhost.localdomain.com
tool_generator_000173,moodle,173,testuser,test173@localhost.localdomain.com
tool_generator_000174,moodle,174,testuser,test174@localhost.localdomain.com
tool_generator_000175,moodle,175,testuser,test175@localhost.localdomain.com
tool_generator_000176,moodle,176,testuser,test176@localhost.localdomain.com
tool_generator_000177,moodle,177,testuser,test177@localhost.localdomain.com
tool_generator_000178,moodle,178,testuser,test178@localhost.localdomain.com
tool_generator_000179,moodle,179,testuser,test179@localhost.localdomain.com
tool_generator_000180,moodle,180,testuser,test180@localhost.localdomain.com
tool_generator_000181,moodle,181,testuser,test181@localhost.localdomain.com
tool_generator_000182,moodle,182,testuser,test182@localhost.localdomain.com
tool_generator_000183,moodle,183,testuser,test183@localhost.localdomain.com
tool_generator_000184,moodle,184,testuser,test184@localhost.localdomain.com
tool_generator_000185,moodle,185,testuser,test185@localhost.localdomain.com
tool_generator_000186,moodle,186,testuser,test186@localhost.localdomain.com
tool_generator_000187,moodle,187,testuser,test187@localhost.localdomain.com
tool_generator_000188,moodle,188,testuser,test188@localhost.localdomain.com
tool_generator_000189,moodle,189,testuser,test189@localhost.localdomain.com
tool_generator_000190,moodle,190,testuser,test190@localhost.localdomain.com
tool_generator_000191,moodle,191,testuser,test191@localhost.localdomain.com
tool_generator_000192,moodle,192,testuser,test192@localhost.localdomain.com
tool_generator_000193,moodle,193,testuser,test193@localhost.localdomain.com
tool_generator_000194,moodle,194,testuser,test194@localhost.localdomain.com
tool_generator_000195,moodle,195,testuser,test195@localhost.localdomain.com
tool_generator_000196,moodle,196,testuser,test196@localhost.localdomain.com
tool_generator_000197,moodle,197,testuser,test197@localhost.localdomain.com
tool_generator_000198,moodle,198,testuser,test198@localhost.localdomain.com
tool_generator_000199,moodle,199,testuser,test199@localhost.localdomain.com
tool_generator_000200,moodle,200,testuser,test200@localhost.localdomain.com
tool_generator_000201,moodle,201,testuser,test201@localhost.localdomain.com
tool_generator_000202,moodle,202,testuser,test202@localhost.localdomain.com
tool_generator_000203,moodle,203,testuser,test203@localhost.localdomain.com
tool_generator_000204,moodle,204,testuser,test204@localhost.localdomain.com
tool_generator_000205,moodle,205,testuser,test205@localhost.localdomain.com
tool_generator_000206,moodle,206,testuser,test206@localhost.localdomain.com
tool_generator_000207,moodle,207,testuser,test207@localhost.localdomain.com
tool_generator_000208,moodle,208,testuser,test208@localhost.localdomain.com
tool_generator_000209,moodle,209,testuser,test209@localhost.localdomain.com
tool_generator_000210,moodle,210,testuser,test210@localhost.localdomain.com
tool_generator_000211,moodle,211,testuser,test211@localhost.localdomain.com
tool_generator_000212,moodle,212,testuser,test212@localhost.localdomain.com
tool_generator_000213,moodle,213,testuser,test213@localhost.localdomain.com
tool_generator_000214,moodle,214,testuser,test214@localhost.localdomain.com
tool_generator_000215,moodle,215,testuser,test215@localhost.localdomain.com
tool_generator_000216,moodle,216,testuser,test216@localhost.localdomain.com
tool_generator_000217,moodle,217,testuser,test217@localhost.localdomain.com
tool_generator_000218,moodle,218,testuser,test218@localhost.localdomain.com
tool_generator_000219,moodle,219,testuser,test219@localhost.localdomain.com
tool_generator_000220,moodle,220,testuser,test220@localhost.localdomain.com
tool_generator_000221,moodle,221,testuser,test221@localhost.localdomain.com
tool_generator_000222,moodle,222,testuser,test222@localhost.localdomain.com
tool_generator_000223,moodle,223,testuser,test223@localhost.localdomain.com
tool_generator_000224,moodle,224,testuser,test224@localhost.localdomain.com
tool_generator_000225,moodle,225,testuser,test225@localhost.localdomain.com
tool_generator_000226,moodle,226,testuser,test226@localhost.localdomain.com
tool_generator_000227,moodle,227,testuser,test227@localhost.localdomain.com
tool_generator_000228,moodle,228,testuser,test228@localhost.localdomain.com
tool_generator_000229,moodle,229,testuser,test229@localhost.localdomain.com
tool_generator_000230,moodle,230,testuser,test230@localhost.localdomain.com
tool_generator_000231,moodle,231,testuser,test231@localhost.localdomain.com
tool_generator_000232,moodle,232,testuser,test232@localhost.localdomain.com
tool_generator_000233,moodle,233,testuser,test233@localhost.localdomain.com
tool_generator_000234,moodle,234,testuser,test234@localhost.localdomain.com
tool_generator_000235,moodle,235,testuser,test235@localhost.localdomain.com
tool_generator_000236,moodle,236,testuser,test236@localhost.localdomain.com
tool_generator_000237,moodle,237,testuser,test237@localhost.localdomain.com
tool_generator_000238,moodle,238,testuser,test238@localhost.localdomain.com
tool_generator_000239,moodle,239,testuser,test239@localhost.localdomain.com
tool_generator_000240,moodle,240,testuser,test240@localhost.localdomain.com
tool_generator_000241,moodle,241,testuser,test241@localhost.localdomain.com
tool_generator_000242,moodle,242,testuser,test242@localhost.localdomain.com
tool_generator_000243,moodle,243,testuser,test243@localhost.localdomain.com
tool_generator_000244,moodle,244,testuser,test244@localhost.localdomain.com
tool_generator_000245,moodle,245,testuser,test245@localhost.localdomain.com
tool_generator_000246,moodle,246,testuser,test246@localhost.localdomain.com
tool_generator_000247,moodle,247,testuser,test247@localhost.localdomain.com
tool_generator_000248,moodle,248,testuser,test248@localhost.localdomain.com
tool_generator_000249,moodle,249,testuser,test249@localhost.localdomain.com
tool_generator_000250,moodle,250,testuser,test250@localhost.localdomain.com
tool_generator_000251,moodle,251,testuser,test251@localhost.localdomain.com
tool_generator_000252,moodle,252,testuser,test252@localhost.localdomain.com
tool_generator_000253,moodle,253,testuser,test253@localhost.localdomain.com
tool_generator_000254,moodle,254,testuser,test254@localhost.localdomain.com
tool_generator_000255,moodle,255,testuser,test255@localhost.localdomain.com
tool_generator_000256,moodle,256,testuser,test256@localhost.localdomain.com
tool_generator_000257,moodle,257,testuser,test257@localhost.localdomain.com
tool_generator_000258,moodle,258,testuser,test258@localhost.localdomain.com
tool_generator_000259,moodle,259,testuser,test259@localhost.localdomain.com
tool_generator_000260,moodle,260,testuser,test260@localhost.localdomain.com
tool_generator_000261,moodle,261,testuser,test261@localhost.localdomain.com
tool_generator_000262,moodle,262,testuser,test262@localhost.localdomain.com
tool_generator_000263,moodle,263,testuser,test263@localhost.localdomain.com
tool_generator_000264,moodle,264,testuser,test264@localhost.localdomain.com
tool_generator_000265,moodle,265,testuser,test265@localhost.localdomain.com
tool_generator_000266,moodle,266,testuser,test266@localhost.localdomain.com
tool_generator_000267,moodle,267,testuser,test267@localhost.localdomain.com
tool_generator_000268,moodle,268,testuser,test268@localhost.localdomain.com
tool_generator_000269,moodle,269,testuser,test269@localhost.localdomain.com
tool_generator_000270,moodle,270,testuser,test270@localhost.localdomain.com
tool_generator_000271,moodle,271,testuser,test271@localhost.localdomain.com
tool_generator_000272,moodle,272,testuser,test272@localhost.localdomain.com
tool_generator_000273,moodle,273,testuser,test273@localhost.localdomain.com
tool_generator_000274,moodle,274,testuser,test274@localhost.localdomain.com
tool_generator_000275,moodle,275,testuser,test275@localhost.localdomain.com
tool_generator_000276,moodle,276,testuser,test276@localhost.localdomain.com
tool_generator_000277,moodle,277,testuser,test277@localhost.localdomain.com
tool_generator_000278,moodle,278,testuser,test278@localhost.localdomain.com
tool_generator_000279,moodle,279,testuser,test279@localhost.localdomain.com
tool_generator_000280,moodle,280,testuser,test280@localhost.localdomain.com
tool_generator_000281,moodle,281,testuser,test281@localhost.localdomain.com
tool_generator_000282,moodle,282,testuser,test282@localhost.localdomain.com
tool_generator_000283,moodle,283,testuser,test283@localhost.localdomain.com
tool_generator_000284,moodle,284,testuser,test284@localhost.localdomain.com
tool_generator_000285,moodle,285,testuser,test285@localhost.localdomain.com
tool_generator_000286,moodle,286,testuser,test286@localhost.localdomain.com
tool_generator_000287,moodle,287,testuser,test287@localhost.localdomain.com
tool_generator_000288,moodle,288,testuser,test288@localhost.localdomain.com
tool_generator_000289,moodle,289,testuser,test289@localhost.localdomain.com
tool_generator_000290,moodle,290,testuser,test290@localhost.localdomain.com
tool_generator_000291,moodle,291,testuser,test291@localhost.localdomain.com
tool_generator_000292,moodle,292,testuser,test292@localhost.localdomain.com
tool_generator_000293,moodle,293,testuser,test293@localhost.localdomain.com
tool_generator_000294,moodle,294,testuser,test294@localhost.localdomain.com
tool_generator_000295,moodle,295,testuser,test295@localhost.localdomain.com
tool_generator_000296,moodle,296,testuser,test296@localhost.localdomain.com
tool_generator_000297,moodle,297,testuser,test297@localhost.localdomain.com
tool_generator_000298,moodle,298,testuser,test298@localhost.localdomain.com
tool_generator_000299,moodle,299,testuser,test299@localhost.localdomain.com
tool_generator_000300,moodle,300,testuser,test300@localhost.localdomain.com
tool_generator_000301,moodle,301,testuser,test301@localhost.localdomain.com
tool_generator_000302,moodle,302,testuser,test302@localhost.localdomain.com
tool_generator_000303,moodle,303,testuser,test303@localhost.localdomain.com
tool_generator_000304,moodle,304,testuser,test304@localhost.localdomain.com
tool_generator_000305,moodle,305,testuser,test305@localhost.localdomain.com
tool_generator_000306,moodle,306,testuser,test306@localhost.localdomain.com
tool_generator_000307,moodle,307,testuser,test307@localhost.localdomain.com
tool_generator_000308,moodle,308,testuser,test308@localhost.localdomain.com
tool_generator_000309,moodle,309,testuser,test309@localhost.localdomain.com
tool_generator_000310,moodle,310,testuser,test310@localhost.localdomain.com
tool_generator_000311,moodle,311,testuser,test311@localhost.localdomain.com
tool_generator_000312,moodle,312,testuser,test312@localhost.localdomain.com
tool_generator_000313,moodle,313,testuser,test313@localhost.localdomain.com
tool_generator_000314,moodle,314,testuser,test314@localhost.localdomain.com
tool_generator_000315,moodle,315,testuser,test315@localhost.localdomain.com
tool_generator_000316,moodle,316,testuser,test316@localhost.localdomain.com
tool_generator_000317,moodle,317,testuser,test317@localhost.localdomain.com
tool_generator_000318,moodle,318,testuser,test318@localhost.localdomain.com
tool_generator_000319,moodle,319,testuser,test319@localhost.localdomain.com
tool_generator_000320,moodle,320,testuser,test320@localhost.localdomain.com
tool_generator_000321,moodle,321,testuser,test321@localhost.localdomain.com
tool_generator_000322,moodle,322,testuser,test322@localhost.localdomain.com
tool_generator_000323,moodle,323,testuser,test323@localhost.localdomain.com
tool_generator_000324,moodle,324,testuser,test324@localhost.localdomain.com
tool_generator_000325,moodle,325,testuser,test325@localhost.localdomain.com
tool_generator_000326,moodle,326,testuser,test326@localhost.localdomain.com
tool_generator_000327,moodle,327,testuser,test327@localhost.localdomain.com
tool_generator_000328,moodle,328,testuser,test328@localhost.localdomain.com
tool_generator_000329,moodle,329,testuser,test329@localhost.localdomain.com
tool_generator_000330,moodle,330,testuser,test330@localhost.localdomain.com
tool_generator_000331,moodle,331,testuser,test331@localhost.localdomain.com
tool_generator_000332,moodle,332,testuser,test332@localhost.localdomain.com
tool_generator_000333,moodle,333,testuser,test333@localhost.localdomain.com
tool_generator_000334,moodle,334,testuser,test334@localhost.localdomain.com
tool_generator_000335,moodle,335,testuser,test335@localhost.localdomain.com
tool_generator_000336,moodle,336,testuser,test336@localhost.localdomain.com
tool_generator_000337,moodle,337,testuser,test337@localhost.localdomain.com
tool_generator_000338,moodle,338,testuser,test338@localhost.localdomain.com
tool_generator_000339,moodle,339,testuser,test339@localhost.localdomain.com
tool_generator_000340,moodle,340,testuser,test340@localhost.localdomain.com
tool_generator_000341,moodle,341,testuser,test341@localhost.localdomain.com
tool_generator_000342,moodle,342,testuser,test342@localhost.localdomain.com
tool_generator_000343,moodle,343,testuser,test343@localhost.localdomain.com
tool_generator_000344,moodle,344,testuser,test344@localhost.localdomain.com
tool_generator_000345,moodle,345,testuser,test345@localhost.localdomain.com
tool_generator_000346,moodle,346,testuser,test346@localhost.localdomain.com
tool_generator_000347,moodle,347,testuser,test347@localhost.localdomain.com
tool_generator_000348,moodle,348,testuser,test348@localhost.localdomain.com
tool_generator_000349,moodle,349,testuser,test349@localhost.localdomain.com
tool_generator_000350,moodle,350,testuser,test350@localhost.localdomain.com
tool_generator_000351,moodle,351,testuser,test351@localhost.localdomain.com
tool_generator_000352,moodle,352,testuser,test352@localhost.localdomain.com
tool_generator_000353,moodle,353,testuser,test353@localhost.localdomain.com
tool_generator_000354,moodle,354,testuser,test354@localhost.localdomain.com
tool_generator_000355,moodle,355,testuser,test355@localhost.localdomain.com
tool_generator_000356,moodle,356,testuser,test356@localhost.localdomain.com
tool_generator_000357,moodle,357,testuser,test357@localhost.localdomain.com
tool_generator_000358,moodle,358,testuser,test358@localhost.localdomain.com
tool_generator_000359,moodle,359,testuser,test359@localhost.localdomain.com
tool_generator_000360,moodle,360,testuser,test360@localhost.localdomain.com
tool_generator_000361,moodle,361,testuser,test361@localhost.localdomain.com
tool_generator_000362,moodle,362,testuser,test362@localhost.localdomain.com
tool_generator_000363,moodle,363,testuser,test363@localhost.localdomain.com
tool_generator_000364,moodle,364,testuser,test364@localhost.localdomain.com
tool_generator_000365,moodle,365,testuser,test365@localhost.localdomain.com
tool_generator_000366,moodle,366,testuser,test366@localhost.localdomain.com
tool_generator_000367,moodle,367,testuser,test367@localhost.localdomain.com
tool_generator_000368,moodle,368,testuser,test368@localhost.localdomain.com
tool_generator_000369,moodle,369,testuser,test369@localhost.localdomain.com
tool_generator_000370,moodle,370,testuser,test370@localhost.localdomain.com
tool_generator_000371,moodle,371,testuser,test371@localhost.localdomain.com
tool_generator_000372,moodle,372,testuser,test372@localhost.localdomain.com
tool_generator_000373,moodle,373,testuser,test373@localhost.localdomain.com
tool_generator_000374,moodle,374,testuser,test374@localhost.localdomain.com
tool_generator_000375,moodle,375,testuser,test375@localhost.localdomain.com
tool_generator_000376,moodle,376,testuser,test376@localhost.localdomain.com
tool_generator_000377,moodle,377,testuser,test377@localhost.localdomain.com
tool_generator_000378,moodle,378,testuser,test378@localhost.localdomain.com
tool_generator_000379,moodle,379,testuser,test379@localhost.localdomain.com
tool_generator_000380,moodle,380,testuser,test380@localhost.localdomain.com
tool_generator_000381,moodle,381,testuser,test381@localhost.localdomain.com
tool_generator_000382,moodle,382,testuser,test382@localhost.localdomain.com
tool_generator_000383,moodle,383,testuser,test383@localhost.localdomain.com
tool_generator_000384,moodle,384,testuser,test384@localhost.localdomain.com
tool_generator_000385,moodle,385,testuser,test385@localhost.localdomain.com
tool_generator_000386,moodle,386,testuser,test386@localhost.localdomain.com
tool_generator_000387,moodle,387,testuser,test387@localhost.localdomain.com
tool_generator_000388,moodle,388,testuser,test388@localhost.localdomain.com
tool_generator_000389,moodle,389,testuser,test389@localhost.localdomain.com
tool_generator_000390,moodle,390,testuser,test390@localhost.localdomain.com
tool_generator_000391,moodle,391,testuser,test391@localhost.localdomain.com
tool_generator_000392,moodle,392,testuser,test392@localhost.localdomain.com
tool_generator_000393,moodle,393,testuser,test393@localhost.localdomain.com
tool_generator_000394,moodle,394,testuser,test394@localhost.localdomain.com
tool_generator_000395,moodle,395,testuser,test395@localhost.localdomain.com
tool_generator_000396,moodle,396,testuser,test396@localhost.localdomain.com
tool_generator_000397,moodle,397,testuser,test397@localhost.localdomain.com
tool_generator_000398,moodle,398,testuser,test398@localhost.localdomain.com
tool_generator_000399,moodle,399,testuser,test399@localhost.localdomain.com
tool_generator_000400,moodle,400,testuser,test400@localhost.localdomain.com
tool_generator_000401,moodle,401,testuser,test401@localhost.localdomain.com
tool_generator_000402,moodle,402,testuser,test402@localhost.localdomain.com
tool_generator_000403,moodle,403,testuser,test403@localhost.localdomain.com
tool_generator_000404,moodle,404,testuser,test404@localhost.localdomain.com
tool_generator_000405,moodle,405,testuser,test405@localhost.localdomain.com
tool_generator_000406,moodle,406,testuser,test406@localhost.localdomain.com
tool_generator_000407,moodle,407,testuser,test407@localhost.localdomain.com
tool_generator_000408,moodle,408,testuser,test408@localhost.localdomain.com
tool_generator_000409,moodle,409,testuser,test409@localhost.localdomain.com
tool_generator_000410,moodle,410,testuser,test410@localhost.localdomain.com
tool_generator_000411,moodle,411,testuser,test411@localhost.localdomain.com
tool_generator_000412,moodle,412,testuser,test412@localhost.localdomain.com
tool_generator_000413,moodle,413,testuser,test413@localhost.localdomain.com
tool_generator_000414,moodle,414,testuser,test414@localhost.localdomain.com
tool_generator_000415,moodle,415,testuser,test415@localhost.localdomain.com
tool_generator_000416,moodle,416,testuser,test416@localhost.localdomain.com
tool_generator_000417,moodle,417,testuser,test417@localhost.localdomain.com
tool_generator_000418,moodle,418,testuser,test418@localhost.localdomain.com
tool_generator_000419,moodle,419,testuser,test419@localhost.localdomain.com
tool_generator_000420,moodle,420,testuser,test420@localhost.localdomain.com
tool_generator_000421,moodle,421,testuser,test421@localhost.localdomain.com
tool_generator_000422,moodle,422,testuser,test422@localhost.localdomain.com
tool_generator_000423,moodle,423,testuser,test423@localhost.localdomain.com
tool_generator_000424,moodle,424,testuser,test424@localhost.localdomain.com
tool_generator_000425,moodle,425,testuser,test425@localhost.localdomain.com
tool_generator_000426,moodle,426,testuser,test426@localhost.localdomain.com
tool_generator_000427,moodle,427,testuser,test427@localhost.localdomain.com
tool_generator_000428,moodle,428,testuser,test428@localhost.localdomain.com
tool_generator_000429,moodle,429,testuser,test429@localhost.localdomain.com
tool_generator_000430,moodle,430,testuser,test430@localhost.localdomain.com
tool_generator_000431,moodle,431,testuser,test431@localhost.localdomain.com
tool_generator_000432,moodle,432,testuser,test432@localhost.localdomain.com
tool_generator_000433,moodle,433,testuser,test433@localhost.localdomain.com
tool_generator_000434,moodle,434,testuser,test434@localhost.localdomain.com
tool_generator_000435,moodle,435,testuser,test435@localhost.localdomain.com
tool_generator_000436,moodle,436,testuser,test436@localhost.localdomain.com
tool_generator_000437,moodle,437,testuser,test437@localhost.localdomain.com
tool_generator_000438,moodle,438,testuser,test438@localhost.localdomain.com
tool_generator_000439,moodle,439,testuser,test439@localhost.localdomain.com
tool_generator_000440,moodle,440,testuser,test440@localhost.localdomain.com
tool_generator_000441,moodle,441,testuser,test441@localhost.localdomain.com
tool_generator_000442,moodle,442,testuser,test442@localhost.localdomain.com
tool_generator_000443,moodle,443,testuser,test443@localhost.localdomain.com
tool_generator_000444,moodle,444,testuser,test444@localhost.localdomain.com
tool_generator_000445,moodle,445,testuser,test445@localhost.localdomain.com
tool_generator_000446,moodle,446,testuser,test446@localhost.localdomain.com
tool_generator_000447,moodle,447,testuser,test447@localhost.localdomain.com
tool_generator_000448,moodle,448,testuser,test448@localhost.localdomain.com
tool_generator_000449,moodle,449,testuser,test449@localhost.localdomain.com
tool_generator_000450,moodle,450,testuser,test450@localhost.localdomain.com
tool_generator_000451,moodle,451,testuser,test451@localhost.localdomain.com
tool_generator_000452,moodle,452,testuser,test452@localhost.localdomain.com
tool_generator_000453,moodle,453,testuser,test453@localhost.localdomain.com
tool_generator_000454,moodle,454,testuser,test454@localhost.localdomain.com
tool_generator_000455,moodle,455,testuser,test455@localhost.localdomain.com
tool_generator_000456,moodle,456,testuser,test456@localhost.localdomain.com
tool_generator_000457,moodle,457,testuser,test457@localhost.localdomain.com
tool_generator_000458,moodle,458,testuser,test458@localhost.localdomain.com
tool_generator_000459,moodle,459,testuser,test459@localhost.localdomain.com
tool_generator_000460,moodle,460,testuser,test460@localhost.localdomain.com
tool_generator_000461,moodle,461,testuser,test461@localhost.localdomain.com
tool_generator_000462,moodle,462,testuser,test462@localhost.localdomain.com
tool_generator_000463,moodle,463,testuser,test463@localhost.localdomain.com
tool_generator_000464,moodle,464,testuser,test464@localhost.localdomain.com
tool_generator_000465,moodle,465,testuser,test465@localhost.localdomain.com
tool_generator_000466,moodle,466,testuser,test466@localhost.localdomain.com
tool_generator_000467,moodle,467,testuser,test467@localhost.localdomain.com
tool_generator_000468,moodle,468,testuser,test468@localhost.localdomain.com
tool_generator_000469,moodle,469,testuser,test469@localhost.localdomain.com
tool_generator_000470,moodle,470,testuser,test470@localhost.localdomain.com
tool_generator_000471,moodle,471,testuser,test471@localhost.localdomain.com
tool_generator_000472,moodle,472,testuser,test472@localhost.localdomain.com
tool_generator_000473,moodle,473,testuser,test473@localhost.localdomain.com
tool_generator_000474,moodle,474,testuser,test474@localhost.localdomain.com
tool_generator_000475,moodle,475,testuser,test475@localhost.localdomain.com
tool_generator_000476,moodle,476,testuser,test476@localhost.localdomain.com
tool_generator_000477,moodle,477,testuser,test477@localhost.localdomain.com
tool_generator_000478,moodle,478,testuser,test478@localhost.localdomain.com
tool_generator_000479,moodle,479,testuser,test479@localhost.localdomain.com
tool_generator_000480,moodle,480,testuser,test480@localhost.localdomain.com
tool_generator_000481,moodle,481,testuser,test481@localhost.localdomain.com
tool_generator_000482,moodle,482,testuser,test482@localhost.localdomain.com
tool_generator_000483,moodle,483,testuser,test483@localhost.localdomain.com
tool_generator_000484,moodle,484,testuser,test484@localhost.localdomain.com
tool_generator_000485,moodle,485,testuser,test485@localhost.localdomain.com
tool_generator_000486,moodle,486,testuser,test486@localhost.localdomain.com
tool_generator_000487,moodle,487,testuser,test487@localhost.localdomain.com
tool_generator_000488,moodle,488,testuser,test488@localhost.localdomain.com
tool_generator_000489,moodle,489,testuser,test489@localhost.localdomain.com
tool_generator_000490,moodle,490,testuser,test490@localhost.localdomain.com
tool_generator_000491,moodle,491,testuser,test491@localhost.localdomain.com
tool_generator_000492,moodle,492,testuser,test492@localhost.localdomain.com
tool_generator_000493,moodle,493,testuser,test493@localhost.localdomain.com
tool_generator_000494,moodle,494,testuser,test494@localhost.localdomain.com
tool_generator_000495,moodle,495,testuser,test495@localhost.localdomain.com
tool_generator_000496,moodle,496,testuser,test496@localhost.localdomain.com
tool_generator_000497,moodle,497,testuser,test497@localhost.localdomain.com
tool_generator_000498,moodle,498,testuser,test498@localhost.localdomain.com
tool_generator_000499,moodle,499,testuser,test499@localhost.localdomain.com
tool_generator_000500,moodle,500,testuser,test500@localhost.localdomain.com
tool_generator_000501,moodle,501,testuser,test501@localhost.localdomain.com
tool_generator_000502,moodle,502,testuser,test502@localhost.localdomain.com
tool_generator_000503,moodle,503,testuser,test503@localhost.localdomain.com
tool_generator_000504,moodle,504,testuser,test504@localhost.localdomain.com
tool_generator_000505,moodle,505,testuser,test505@localhost.localdomain.com
tool_generator_000506,moodle,506,testuser,test506@localhost.localdomain.com
tool_generator_000507,moodle,507,testuser,test507@localhost.localdomain.com
tool_generator_000508,moodle,508,testuser,test508@localhost.localdomain.com
tool_generator_000509,moodle,509,testuser,test509@localhost.localdomain.com
tool_generator_000510,moodle,510,testuser,test510@localhost.localdomain.com
tool_generator_000511,moodle,511,testuser,test511@localhost.localdomain.com
tool_generator_000512,moodle,512,testuser,test512@localhost.localdomain.com
tool_generator_000513,moodle,513,testuser,test513@localhost.localdomain.com
tool_generator_000514,moodle,514,testuser,test514@localhost.localdomain.com
tool_generator_000515,moodle,515,testuser,test515@localhost.localdomain.com
tool_generator_000516,moodle,516,testuser,test516@localhost.localdomain.com
tool_generator_000517,moodle,517,testuser,test517@localhost.localdomain.com
tool_generator_000518,moodle,518,testuser,test518@localhost.localdomain.com
tool_generator_000519,moodle,519,testuser,test519@localhost.localdomain.com
tool_generator_000520,moodle,520,testuser,test520@localhost.localdomain.com
tool_generator_000521,moodle,521,testuser,test521@localhost.localdomain.com
tool_generator_000522,moodle,522,testuser,test522@localhost.localdomain.com
tool_generator_000523,moodle,523,testuser,test523@localhost.localdomain.com
tool_generator_000524,moodle,524,testuser,test524@localhost.localdomain.com
tool_generator_000525,moodle,525,testuser,test525@localhost.localdomain.com
tool_generator_000526,moodle,526,testuser,test526@localhost.localdomain.com
tool_generator_000527,moodle,527,testuser,test527@localhost.localdomain.com
tool_generator_000528,moodle,528,testuser,test528@localhost.localdomain.com
tool_generator_000529,moodle,529,testuser,test529@localhost.localdomain.com
tool_generator_000530,moodle,530,testuser,test530@localhost.localdomain.com
tool_generator_000531,moodle,531,testuser,test531@localhost.localdomain.com
tool_generator_000532,moodle,532,testuser,test532@localhost.localdomain.com
tool_generator_000533,moodle,533,testuser,test533@localhost.localdomain.com
tool_generator_000534,moodle,534,testuser,test534@localhost.localdomain.com
tool_generator_000535,moodle,535,testuser,test535@localhost.localdomain.com
tool_generator_000536,moodle,536,testuser,test536@localhost.localdomain.com
tool_generator_000537,moodle,537,testuser,test537@localhost.localdomain.com
tool_generator_000538,moodle,538,testuser,test538@localhost.localdomain.com
tool_generator_000539,moodle,539,testuser,test539@localhost.localdomain.com
tool_generator_000540,moodle,540,testuser,test540@localhost.localdomain.com
tool_generator_000541,moodle,541,testuser,test541@localhost.localdomain.com
tool_generator_000542,moodle,542,testuser,test542@localhost.localdomain.com
tool_generator_000543,moodle,543,testuser,test543@localhost.localdomain.com
tool_generator_000544,moodle,544,testuser,test544@localhost.localdomain.com
tool_generator_000545,moodle,545,testuser,test545@localhost.localdomain.com
tool_generator_000546,moodle,546,testuser,test546@localhost.localdomain.com
tool_generator_000547,moodle,547,testuser,test547@localhost.localdomain.com
tool_generator_000548,moodle,548,testuser,test548@localhost.localdomain.com
tool_generator_000549,moodle,549,testuser,test549@localhost.localdomain.com
tool_generator_000550,moodle,550,testuser,test550@localhost.localdomain.com
tool_generator_000551,moodle,551,testuser,test551@localhost.localdomain.com
tool_generator_000552,moodle,552,testuser,test552@localhost.localdomain.com
tool_generator_000553,moodle,553,testuser,test553@localhost.localdomain.com
tool_generator_000554,moodle,554,testuser,test554@localhost.localdomain.com
tool_generator_000555,moodle,555,testuser,test555@localhost.localdomain.com
tool_generator_000556,moodle,556,testuser,test556@localhost.localdomain.com
tool_generator_000557,moodle,557,testuser,test557@localhost.localdomain.com
tool_generator_000558,moodle,558,testuser,test558@localhost.localdomain.com
tool_generator_000559,moodle,559,testuser,test559@localhost.localdomain.com
tool_generator_000560,moodle,560,testuser,test560@localhost.localdomain.com
tool_generator_000561,moodle,561,testuser,test561@localhost.localdomain.com
tool_generator_000562,moodle,562,testuser,test562@localhost.localdomain.com
tool_generator_000563,moodle,563,testuser,test563@localhost.localdomain.com
tool_generator_000564,moodle,564,testuser,test564@localhost.localdomain.com
tool_generator_000565,moodle,565,testuser,test565@localhost.localdomain.com
tool_generator_000566,moodle,566,testuser,test566@localhost.localdomain.com
tool_generator_000567,moodle,567,testuser,test567@localhost.localdomain.com
tool_generator_000568,moodle,568,testuser,test568@localhost.localdomain.com
tool_generator_000569,moodle,569,testuser,test569@localhost.localdomain.com
tool_generator_000570,moodle,570,testuser,test570@localhost.localdomain.com
tool_generator_000571,moodle,571,testuser,test571@localhost.localdomain.com
tool_generator_000572,moodle,572,testuser,test572@localhost.localdomain.com
tool_generator_000573,moodle,573,testuser,test573@localhost.localdomain.com
tool_generator_000574,moodle,574,testuser,test574@localhost.localdomain.com
tool_generator_000575,moodle,575,testuser,test575@localhost.localdomain.com
tool_generator_000576,moodle,576,testuser,test576@localhost.localdomain.com
tool_generator_000577,moodle,577,testuser,test577@localhost.localdomain.com
tool_generator_000578,moodle,578,testuser,test578@localhost.localdomain.com
tool_generator_000579,moodle,579,testuser,test579@localhost.localdomain.com
tool_generator_000580,moodle,580,testuser,test580@localhost.localdomain.com
tool_generator_000581,moodle,581,testuser,test581@localhost.localdomain.com
tool_generator_000582,moodle,582,testuser,test582@localhost.localdomain.com
tool_generator_000583,moodle,583,testuser,test583@localhost.localdomain.com
tool_generator_000584,moodle,584,testuser,test584@localhost.localdomain.com
tool_generator_000585,moodle,585,testuser,test585@localhost.localdomain.com
tool_generator_000586,moodle,586,testuser,test586@localhost.localdomain.com
tool_generator_000587,moodle,587,testuser,test587@localhost.localdomain.com
tool_generator_000588,moodle,588,testuser,test588@localhost.localdomain.com
tool_generator_000589,moodle,589,testuser,test589@localhost.localdomain.com
tool_generator_000590,moodle,590,testuser,test590@localhost.localdomain.com
tool_generator_000591,moodle,591,testuser,test591@localhost.localdomain.com
tool_generator_000592,moodle,592,testuser,test592@localhost.localdomain.com
tool_generator_000593,moodle,593,testuser,test593@localhost.localdomain.com
tool_generator_000594,moodle,594,testuser,test594@localhost.localdomain.com
tool_generator_000595,moodle,595,testuser,test595@localhost.localdomain.com
tool_generator_000596,moodle,596,testuser,test596@localhost.localdomain.com
tool_generator_000597,moodle,597,testuser,test597@localhost.localdomain.com
tool_generator_000598,moodle,598,testuser,test598@localhost.localdomain.com
tool_generator_000599,moodle,599,testuser,test599@localhost.localdomain.com
tool_generator_000600,moodle,600,testuser,test600@localhost.localdomain.com
tool_generator_000601,moodle,601,testuser,test601@localhost.localdomain.com
tool_generator_000602,moodle,602,testuser,test602@localhost.localdomain.com
tool_generator_000603,moodle,603,testuser,test603@localhost.localdomain.com
tool_generator_000604,moodle,604,testuser,test604@localhost.localdomain.com
tool_generator_000605,moodle,605,testuser,test605@localhost.localdomain.com
tool_generator_000606,moodle,606,testuser,test606@localhost.localdomain.com
tool_generator_000607,moodle,607,testuser,test607@localhost.localdomain.com
tool_generator_000608,moodle,608,testuser,test608@localhost.localdomain.com
tool_generator_000609,moodle,609,testuser,test609@localhost.localdomain.com
tool_generator_000610,moodle,610,testuser,test610@localhost.localdomain.com
tool_generator_000611,moodle,611,testuser,test611@localhost.localdomain.com
tool_generator_000612,moodle,612,testuser,test612@localhost.localdomain.com
tool_generator_000613,moodle,613,testuser,test613@localhost.localdomain.com
tool_generator_000614,moodle,614,testuser,test614@localhost.localdomain.com
tool_generator_000615,moodle,615,testuser,test615@localhost.localdomain.com
tool_generator_000616,moodle,616,testuser,test616@localhost.localdomain.com
tool_generator_000617,moodle,617,testuser,test617@localhost.localdomain.com
tool_generator_000618,moodle,618,testuser,test618@localhost.localdomain.com
tool_generator_000619,moodle,619,testuser,test619@localhost.localdomain.com
tool_generator_000620,moodle,620,testuser,test620@localhost.localdomain.com
tool_generator_000621,moodle,621,testuser,test621@localhost.localdomain.com
tool_generator_000622,moodle,622,testuser,test622@localhost.localdomain.com
tool_generator_000623,moodle,623,testuser,test623@localhost.localdomain.com
tool_generator_000624,moodle,624,testuser,test624@localhost.localdomain.com
tool_generator_000625,moodle,625,testuser,test625@localhost.localdomain.com
tool_generator_000626,moodle,626,testuser,test626@localhost.localdomain.com
tool_generator_000627,moodle,627,testuser,test627@localhost.localdomain.com
tool_generator_000628,moodle,628,testuser,test628@localhost.localdomain.com
tool_generator_000629,moodle,629,testuser,test629@localhost.localdomain.com
tool_generator_000630,moodle,630,testuser,test630@localhost.localdomain.com
tool_generator_000631,moodle,631,testuser,test631@localhost.localdomain.com
tool_generator_000632,moodle,632,testuser,test632@localhost.localdomain.com
tool_generator_000633,moodle,633,testuser,test633@localhost.localdomain.com
tool_generator_000634,moodle,634,testuser,test634@localhost.localdomain.com
tool_generator_000635,moodle,635,testuser,test635@localhost.localdomain.com
tool_generator_000636,moodle,636,testuser,test636@localhost.localdomain.com
tool_generator_000637,moodle,637,testuser,test637@localhost.localdomain.com
tool_generator_000638,moodle,638,testuser,test638@localhost.localdomain.com
tool_generator_000639,moodle,639,testuser,test639@localhost.localdomain.com
tool_generator_000640,moodle,640,testuser,test640@localhost.localdomain.com
tool_generator_000641,moodle,641,testuser,test641@localhost.localdomain.com
tool_generator_000642,moodle,642,testuser,test642@localhost.localdomain.com
tool_generator_000643,moodle,643,testuser,test643@localhost.localdomain.com
tool_generator_000644,moodle,644,testuser,test644@localhost.localdomain.com
tool_generator_000645,moodle,645,testuser,test645@localhost.localdomain.com
tool_generator_000646,moodle,646,testuser,test646@localhost.localdomain.com
tool_generator_000647,moodle,647,testuser,test647@localhost.localdomain.com
tool_generator_000648,moodle,648,testuser,test648@localhost.localdomain.com
tool_generator_000649,moodle,649,testuser,test649@localhost.localdomain.com
tool_generator_000650,moodle,650,testuser,test650@localhost.localdomain.com
tool_generator_000651,moodle,651,testuser,test651@localhost.localdomain.com
tool_generator_000652,moodle,652,testuser,test652@localhost.localdomain.com
tool_generator_000653,moodle,653,testuser,test653@localhost.localdomain.com
tool_generator_000654,moodle,654,testuser,test654@localhost.localdomain.com
tool_generator_000655,moodle,655,testuser,test655@localhost.localdomain.com
tool_generator_000656,moodle,656,testuser,test656@localhost.localdomain.com
tool_generator_000657,moodle,657,testuser,test657@localhost.localdomain.com
tool_generator_000658,moodle,658,testuser,test658@localhost.localdomain.com
tool_generator_000659,moodle,659,testuser,test659@localhost.localdomain.com
tool_generator_000660,moodle,660,testuser,test660@localhost.localdomain.com
tool_generator_000661,moodle,661,testuser,test661@localhost.localdomain.com
tool_generator_000662,moodle,662,testuser,test662@localhost.localdomain.com
tool_generator_000663,moodle,663,testuser,test663@localhost.localdomain.com
tool_generator_000664,moodle,664,testuser,test664@localhost.localdomain.com
tool_generator_000665,moodle,665,testuser,test665@localhost.localdomain.com
tool_generator_000666,moodle,666,testuser,test666@localhost.localdomain.com
tool_generator_000667,moodle,667,testuser,test667@localhost.localdomain.com
tool_generator_000668,moodle,668,testuser,test668@localhost.localdomain.com
tool_generator_000669,moodle,669,testuser,test669@localhost.localdomain.com
tool_generator_000670,moodle,670,testuser,test670@localhost.localdomain.com
tool_generator_000671,moodle,671,testuser,test671@localhost.localdomain.com
tool_generator_000672,moodle,672,testuser,test672@localhost.localdomain.com
tool_generator_000673,moodle,673,testuser,test673@localhost.localdomain.com
tool_generator_000674,moodle,674,testuser,test674@localhost.localdomain.com
tool_generator_000675,moodle,675,testuser,test675@localhost.localdomain.com
tool_generator_000676,moodle,676,testuser,test676@localhost.localdomain.com
tool_generator_000677,moodle,677,testuser,test677@localhost.localdomain.com
tool_generator_000678,moodle,678,testuser,test678@localhost.localdomain.com
tool_generator_000679,moodle,679,testuser,test679@localhost.localdomain.com
tool_generator_000680,moodle,680,testuser,test680@localhost.localdomain.com
tool_generator_000681,moodle,681,testuser,test681@localhost.localdomain.com
tool_generator_000682,moodle,682,testuser,test682@localhost.localdomain.com
tool_generator_000683,moodle,683,testuser,test683@localhost.localdomain.com
tool_generator_000684,moodle,684,testuser,test684@localhost.localdomain.com
tool_generator_000685,moodle,685,testuser,test685@localhost.localdomain.com
tool_generator_000686,moodle,686,testuser,test686@localhost.localdomain.com
tool_generator_000687,moodle,687,testuser,test687@localhost.localdomain.com
tool_generator_000688,moodle,688,testuser,test688@localhost.localdomain.com
tool_generator_000689,moodle,689,testuser,test689@localhost.localdomain.com
tool_generator_000690,moodle,690,testuser,test690@localhost.localdomain.com
tool_generator_000691,moodle,691,testuser,test691@localhost.localdomain.com
tool_generator_000692,moodle,692,testuser,test692@localhost.localdomain.com
tool_generator_000693,moodle,693,testuser,test693@localhost.localdomain.com
tool_generator_000694,moodle,694,testuser,test694@localhost.localdomain.com
tool_generator_000695,moodle,695,testuser,test695@localhost.localdomain.com
tool_generator_000696,moodle,696,testuser,test696@localhost.localdomain.com
tool_generator_000697,moodle,697,testuser,test697@localhost.localdomain.com
tool_generator_000698,moodle,698,testuser,test698@localhost.localdomain.com
tool_generator_000699,moodle,699,testuser,test699@localhost.localdomain.com
tool_generator_000700,moodle,700,testuser,test700@localhost.localdomain.com
tool_generator_000701,moodle,701,testuser,test701@localhost.localdomain.com
tool_generator_000702,moodle,702,testuser,test702@localhost.localdomain.com
tool_generator_000703,moodle,703,testuser,test703@localhost.localdomain.com
tool_generator_000704,moodle,704,testuser,test704@localhost.localdomain.com
tool_generator_000705,moodle,705,testuser,test705@localhost.localdomain.com
tool_generator_000706,moodle,706,testuser,test706@localhost.localdomain.com
tool_generator_000707,moodle,707,testuser,test707@localhost.localdomain.com
tool_generator_000708,moodle,708,testuser,test708@localhost.localdomain.com
tool_generator_000709,moodle,709,testuser,test709@localhost.localdomain.com
tool_generator_000710,moodle,710,testuser,test710@localhost.localdomain.com
tool_generator_000711,moodle,711,testuser,test711@localhost.localdomain.com
tool_generator_000712,moodle,712,testuser,test712@localhost.localdomain.com
tool_generator_000713,moodle,713,testuser,test713@localhost.localdomain.com
tool_generator_000714,moodle,714,testuser,test714@localhost.localdomain.com
tool_generator_000715,moodle,715,testuser,test715@localhost.localdomain.com
tool_generator_000716,moodle,716,testuser,test716@localhost.localdomain.com
tool_generator_000717,moodle,717,testuser,test717@localhost.localdomain.com
tool_generator_000718,moodle,718,testuser,test718@localhost.localdomain.com
tool_generator_000719,moodle,719,testuser,test719@localhost.localdomain.com
tool_generator_000720,moodle,720,testuser,test720@localhost.localdomain.com
tool_generator_000721,moodle,721,testuser,test721@localhost.localdomain.com
tool_generator_000722,moodle,722,testuser,test722@localhost.localdomain.com
tool_generator_000723,moodle,723,testuser,test723@localhost.localdomain.com
tool_generator_000724,moodle,724,testuser,test724@localhost.localdomain.com
tool_generator_000725,moodle,725,testuser,test725@localhost.localdomain.com
tool_generator_000726,moodle,726,testuser,test726@localhost.localdomain.com
tool_generator_000727,moodle,727,testuser,test727@localhost.localdomain.com
tool_generator_000728,moodle,728,testuser,test728@localhost.localdomain.com
tool_generator_000729,moodle,729,testuser,test729@localhost.localdomain.com
tool_generator_000730,moodle,730,testuser,test730@localhost.localdomain.com
tool_generator_000731,moodle,731,testuser,test731@localhost.localdomain.com
tool_generator_000732,moodle,732,testuser,test732@localhost.localdomain.com
tool_generator_000733,moodle,733,testuser,test733@localhost.localdomain.com
tool_generator_000734,moodle,734,testuser,test734@localhost.localdomain.com
tool_generator_000735,moodle,735,testuser,test735@localhost.localdomain.com
tool_generator_000736,moodle,736,testuser,test736@localhost.localdomain.com
tool_generator_000737,moodle,737,testuser,test737@localhost.localdomain.com
tool_generator_000738,moodle,738,testuser,test738@localhost.localdomain.com
tool_generator_000739,moodle,739,testuser,test739@localhost.localdomain.com
tool_generator_000740,moodle,740,testuser,test740@localhost.localdomain.com
tool_generator_000741,moodle,741,testuser,test741@localhost.localdomain.com
tool_generator_000742,moodle,742,testuser,test742@localhost.localdomain.com
tool_generator_000743,moodle,743,testuser,test743@localhost.localdomain.com
tool_generator_000744,moodle,744,testuser,test744@localhost.localdomain.com
tool_generator_000745,moodle,745,testuser,test745@localhost.localdomain.com
tool_generator_000746,moodle,746,testuser,test746@localhost.localdomain.com
tool_generator_000747,moodle,747,testuser,test747@localhost.localdomain.com
tool_generator_000748,moodle,748,testuser,test748@localhost.localdomain.com
tool_generator_000749,moodle,749,testuser,test749@localhost.localdomain.com
tool_generator_000750,moodle,750,testuser,test750@localhost.localdomain.com
tool_generator_000751,moodle,751,testuser,test751@localhost.localdomain.com
tool_generator_000752,moodle,752,testuser,test752@localhost.localdomain.com
tool_generator_000753,moodle,753,testuser,test753@localhost.localdomain.com
tool_generator_000754,moodle,754,testuser,test754@localhost.localdomain.com
tool_generator_000755,moodle,755,testuser,test755@localhost.localdomain.com
tool_generator_000756,moodle,756,testuser,test756@localhost.localdomain.com
tool_generator_000757,moodle,757,testuser,test757@localhost.localdomain.com
tool_generator_000758,moodle,758,testuser,test758@localhost.localdomain.com
tool_generator_000759,moodle,759,testuser,test759@localhost.localdomain.com
tool_generator_000760,moodle,760,testuser,test760@localhost.localdomain.com
tool_generator_000761,moodle,761,testuser,test761@localhost.localdomain.com
tool_generator_000762,moodle,762,testuser,test762@localhost.localdomain.com
tool_generator_000763,moodle,763,testuser,test763@localhost.localdomain.com
tool_generator_000764,moodle,764,testuser,test764@localhost.localdomain.com
tool_generator_000765,moodle,765,testuser,test765@localhost.localdomain.com
tool_generator_000766,moodle,766,testuser,test766@localhost.localdomain.com
tool_generator_000767,moodle,767,testuser,test767@localhost.localdomain.com
tool_generator_000768,moodle,768,testuser,test768@localhost.localdomain.com
tool_generator_000769,moodle,769,testuser,test769@localhost.localdomain.com
tool_generator_000770,moodle,770,testuser,test770@localhost.localdomain.com
tool_generator_000771,moodle,771,testuser,test771@localhost.localdomain.com
tool_generator_000772,moodle,772,testuser,test772@localhost.localdomain.com
tool_generator_000773,moodle,773,testuser,test773@localhost.localdomain.com
tool_generator_000774,moodle,774,testuser,test774@localhost.localdomain.com
tool_generator_000775,moodle,775,testuser,test775@localhost.localdomain.com
tool_generator_000776,moodle,776,testuser,test776@localhost.localdomain.com
tool_generator_000777,moodle,777,testuser,test777@localhost.localdomain.com
tool_generator_000778,moodle,778,testuser,test778@localhost.localdomain.com
tool_generator_000779,moodle,779,testuser,test779@localhost.localdomain.com
tool_generator_000780,moodle,780,testuser,test780@localhost.localdomain.com
tool_generator_000781,moodle,781,testuser,test781@localhost.localdomain.com
tool_generator_000782,moodle,782,testuser,test782@localhost.localdomain.com
tool_generator_000783,moodle,783,testuser,test783@localhost.localdomain.com
tool_generator_000784,moodle,784,testuser,test784@localhost.localdomain.com
tool_generator_000785,moodle,785,testuser,test785@localhost.localdomain.com
tool_generator_000786,moodle,786,testuser,test786@localhost.localdomain.com
tool_generator_000787,moodle,787,testuser,test787@localhost.localdomain.com
tool_generator_000788,moodle,788,testuser,test788@localhost.localdomain.com
tool_generator_000789,moodle,789,testuser,test789@localhost.localdomain.com
tool_generator_000790,moodle,790,testuser,test790@localhost.localdomain.com
tool_generator_000791,moodle,791,testuser,test791@localhost.localdomain.com
tool_generator_000792,moodle,792,testuser,test792@localhost.localdomain.com
tool_generator_000793,moodle,793,testuser,test793@localhost.localdomain.com
tool_generator_000794,moodle,794,testuser,test794@localhost.localdomain.com
tool_generator_000795,moodle,795,testuser,test795@localhost.localdomain.com
tool_generator_000796,moodle,796,testuser,test796@localhost.localdomain.com
tool_generator_000797,moodle,797,testuser,test797@localhost.localdomain.com
tool_generator_000798,moodle,798,testuser,test798@localhost.localdomain.com
tool_generator_000799,moodle,799,testuser,test799@localhost.localdomain.com
tool_generator_000800,moodle,800,testuser,test800@localhost.localdomain.com
tool_generator_000801,moodle,801,testuser,test801@localhost.localdomain.com
tool_generator_000802,moodle,802,testuser,test802@localhost.localdomain.com
tool_generator_000803,moodle,803,testuser,test803@localhost.localdomain.com
tool_generator_000804,moodle,804,testuser,test804@localhost.localdomain.com
tool_generator_000805,moodle,805,testuser,test805@localhost.localdomain.com
tool_generator_000806,moodle,806,testuser,test806@localhost.localdomain.com
tool_generator_000807,moodle,807,testuser,test807@localhost.localdomain.com
tool_generator_000808,moodle,808,testuser,test808@localhost.localdomain.com
tool_generator_000809,moodle,809,testuser,test809@localhost.localdomain.com
tool_generator_000810,moodle,810,testuser,test810@localhost.localdomain.com
tool_generator_000811,moodle,811,testuser,test811@localhost.localdomain.com
tool_generator_000812,moodle,812,testuser,test812@localhost.localdomain.com
tool_generator_000813,moodle,813,testuser,test813@localhost.localdomain.com
tool_generator_000814,moodle,814,testuser,test814@localhost.localdomain.com
tool_generator_000815,moodle,815,testuser,test815@localhost.localdomain.com
tool_generator_000816,moodle,816,testuser,test816@localhost.localdomain.com
tool_generator_000817,moodle,817,testuser,test817@localhost.localdomain.com
tool_generator_000818,moodle,818,testuser,test818@localhost.localdomain.com
tool_generator_000819,moodle,819,testuser,test819@localhost.localdomain.com
tool_generator_000820,moodle,820,testuser,test820@localhost.localdomain.com
tool_generator_000821,moodle,821,testuser,test821@localhost.localdomain.com
tool_generator_000822,moodle,822,testuser,test822@localhost.localdomain.com
tool_generator_000823,moodle,823,testuser,test823@localhost.localdomain.com
tool_generator_000824,moodle,824,testuser,test824@localhost.localdomain.com
tool_generator_000825,moodle,825,testuser,test825@localhost.localdomain.com
tool_generator_000826,moodle,826,testuser,test826@localhost.localdomain.com
tool_generator_000827,moodle,827,testuser,test827@localhost.localdomain.com
tool_generator_000828,moodle,828,testuser,test828@localhost.localdomain.com
tool_generator_000829,moodle,829,testuser,test829@localhost.localdomain.com
tool_generator_000830,moodle,830,testuser,test830@localhost.localdomain.com
tool_generator_000831,moodle,831,testuser,test831@localhost.localdomain.com
tool_generator_000832,moodle,832,testuser,test832@localhost.localdomain.com
tool_generator_000833,moodle,833,testuser,test833@localhost.localdomain.com
tool_generator_000834,moodle,834,testuser,test834@localhost.localdomain.com
tool_generator_000835,moodle,835,testuser,test835@localhost.localdomain.com
tool_generator_000836,moodle,836,testuser,test836@localhost.localdomain.com
tool_generator_000837,moodle,837,testuser,test837@localhost.localdomain.com
tool_generator_000838,moodle,838,testuser,test838@localhost.localdomain.com
tool_generator_000839,moodle,839,testuser,test839@localhost.localdomain.com
tool_generator_000840,moodle,840,testuser,test840@localhost.localdomain.com
tool_generator_000841,moodle,841,testuser,test841@localhost.localdomain.com
tool_generator_000842,moodle,842,testuser,test842@localhost.localdomain.com
tool_generator_000843,moodle,843,testuser,test843@localhost.localdomain.com
tool_generator_000844,moodle,844,testuser,test844@localhost.localdomain.com
tool_generator_000845,moodle,845,testuser,test845@localhost.localdomain.com
tool_generator_000846,moodle,846,testuser,test846@localhost.localdomain.com
tool_generator_000847,moodle,847,testuser,test847@localhost.localdomain.com
tool_generator_000848,moodle,848,testuser,test848@localhost.localdomain.com
tool_generator_000849,moodle,849,testuser,test849@localhost.localdomain.com
tool_generator_000850,moodle,850,testuser,test850@localhost.localdomain.com
tool_generator_000851,moodle,851,testuser,test851@localhost.localdomain.com
tool_generator_000852,moodle,852,testuser,test852@localhost.localdomain.com
tool_generator_000853,moodle,853,testuser,test853@localhost.localdomain.com
tool_generator_000854,moodle,854,testuser,test854@localhost.localdomain.com
tool_generator_000855,moodle,855,testuser,test855@localhost.localdomain.com
tool_generator_000856,moodle,856,testuser,test856@localhost.localdomain.com
tool_generator_000857,moodle,857,testuser,test857@localhost.localdomain.com
tool_generator_000858,moodle,858,testuser,test858@localhost.localdomain.com
tool_generator_000859,moodle,859,testuser,test859@localhost.localdomain.com
tool_generator_000860,moodle,860,testuser,test860@localhost.localdomain.com
tool_generator_000861,moodle,861,testuser,test861@localhost.localdomain.com
tool_generator_000862,moodle,862,testuser,test862@localhost.localdomain.com
tool_generator_000863,moodle,863,testuser,test863@localhost.localdomain.com
tool_generator_000864,moodle,864,testuser,test864@localhost.localdomain.com
tool_generator_000865,moodle,865,testuser,test865@localhost.localdomain.com
tool_generator_000866,moodle,866,testuser,test866@localhost.localdomain.com
tool_generator_000867,moodle,867,testuser,test867@localhost.localdomain.com
tool_generator_000868,moodle,868,testuser,test868@localhost.localdomain.com
tool_generator_000869,moodle,869,testuser,test869@localhost.localdomain.com
tool_generator_000870,moodle,870,testuser,test870@localhost.localdomain.com
tool_generator_000871,moodle,871,testuser,test871@localhost.localdomain.com
tool_generator_000872,moodle,872,testuser,test872@localhost.localdomain.com
tool_generator_000873,moodle,873,testuser,test873@localhost.localdomain.com
tool_generator_000874,moodle,874,testuser,test874@localhost.localdomain.com
tool_generator_000875,moodle,875,testuser,test875@localhost.localdomain.com
tool_generator_000876,moodle,876,testuser,test876@localhost.localdomain.com
tool_generator_000877,moodle,877,testuser,test877@localhost.localdomain.com
tool_generator_000878,moodle,878,testuser,test878@localhost.localdomain.com
tool_generator_000879,moodle,879,testuser,test879@localhost.localdomain.com
tool_generator_000880,moodle,880,testuser,test880@localhost.localdomain.com
tool_generator_000881,moodle,881,testuser,test881@localhost.localdomain.com
tool_generator_000882,moodle,882,testuser,test882@localhost.localdomain.com
tool_generator_000883,moodle,883,testuser,test883@localhost.localdomain.com
tool_generator_000884,moodle,884,testuser,test884@localhost.localdomain.com
tool_generator_000885,moodle,885,testuser,test885@localhost.localdomain.com
tool_generator_000886,moodle,886,testuser,test886@localhost.localdomain.com
tool_generator_000887,moodle,887,testuser,test887@localhost.localdomain.com
tool_generator_000888,moodle,888,testuser,test888@localhost.localdomain.com
tool_generator_000889,moodle,889,testuser,test889@localhost.localdomain.com
tool_generator_000890,moodle,890,testuser,test890@localhost.localdomain.com
tool_generator_000891,moodle,891,testuser,test891@localhost.localdomain.com
tool_generator_000892,moodle,892,testuser,test892@localhost.localdomain.com
tool_generator_000893,moodle,893,testuser,test893@localhost.localdomain.com
tool_generator_000894,moodle,894,testuser,test894@localhost.localdomain.com
tool_generator_000895,moodle,895,testuser,test895@localhost.localdomain.com
tool_generator_000896,moodle,896,testuser,test896@localhost.localdomain.com
tool_generator_000897,moodle,897,testuser,test897@localhost.localdomain.com
tool_generator_000898,moodle,898,testuser,test898@localhost.localdomain.com
tool_generator_000899,moodle,899,testuser,test899@localhost.localdomain.com
tool_generator_000900,moodle,900,testuser,test900@localhost.localdomain.com
tool_generator_000901,moodle,901,testuser,test901@localhost.localdomain.com
tool_generator_000902,moodle,902,testuser,test902@localhost.localdomain.com
tool_generator_000903,moodle,903,testuser,test903@localhost.localdomain.com
tool_generator_000904,moodle,904,testuser,test904@localhost.localdomain.com
tool_generator_000905,moodle,905,testuser,test905@localhost.localdomain.com
tool_generator_000906,moodle,906,testuser,test906@localhost.localdomain.com
tool_generator_000907,moodle,907,testuser,test907@localhost.localdomain.com
tool_generator_000908,moodle,908,testuser,test908@localhost.localdomain.com
tool_generator_000909,moodle,909,testuser,test909@localhost.localdomain.com
tool_generator_000910,moodle,910,testuser,test910@localhost.localdomain.com
tool_generator_000911,moodle,911,testuser,test911@localhost.localdomain.com
tool_generator_000912,moodle,912,testuser,test912@localhost.localdomain.com
tool_generator_000913,moodle,913,testuser,test913@localhost.localdomain.com
tool_generator_000914,moodle,914,testuser,test914@localhost.localdomain.com
tool_generator_000915,moodle,915,testuser,test915@localhost.localdomain.com
tool_generator_000916,moodle,916,testuser,test916@localhost.localdomain.com
tool_generator_000917,moodle,917,testuser,test917@localhost.localdomain.com
tool_generator_000918,moodle,918,testuser,test918@localhost.localdomain.com
tool_generator_000919,moodle,919,testuser,test919@localhost.localdomain.com
tool_generator_000920,moodle,920,testuser,test920@localhost.localdomain.com
tool_generator_000921,moodle,921,testuser,test921@localhost.localdomain.com
tool_generator_000922,moodle,922,testuser,test922@localhost.localdomain.com
tool_generator_000923,moodle,923,testuser,test923@localhost.localdomain.com
tool_generator_000924,moodle,924,testuser,test924@localhost.localdomain.com
tool_generator_000925,moodle,925,testuser,test925@localhost.localdomain.com
tool_generator_000926,moodle,926,testuser,test926@localhost.localdomain.com
tool_generator_000927,moodle,927,testuser,test927@localhost.localdomain.com
tool_generator_000928,moodle,928,testuser,test928@localhost.localdomain.com
tool_generator_000929,moodle,929,testuser,test929@localhost.localdomain.com
tool_generator_000930,moodle,930,testuser,test930@localhost.localdomain.com
tool_generator_000931,moodle,931,testuser,test931@localhost.localdomain.com
tool_generator_000932,moodle,932,testuser,test932@localhost.localdomain.com
tool_generator_000933,moodle,933,testuser,test933@localhost.localdomain.com
tool_generator_000934,moodle,934,testuser,test934@localhost.localdomain.com
tool_generator_000935,moodle,935,testuser,test935@localhost.localdomain.com
tool_generator_000936,moodle,936,testuser,test936@localhost.localdomain.com
tool_generator_000937,moodle,937,testuser,test937@localhost.localdomain.com
tool_generator_000938,moodle,938,testuser,test938@localhost.localdomain.com
tool_generator_000939,moodle,939,testuser,test939@localhost.localdomain.com
tool_generator_000940,moodle,940,testuser,test940@localhost.localdomain.com
tool_generator_000941,moodle,941,testuser,test941@localhost.localdomain.com
tool_generator_000942,moodle,942,testuser,test942@localhost.localdomain.com
tool_generator_000943,moodle,943,testuser,test943@localhost.localdomain.com
tool_generator_000944,moodle,944,testuser,test944@localhost.localdomain.com
tool_generator_000945,moodle,945,testuser,test945@localhost.localdomain.com
tool_generator_000946,moodle,946,testuser,test946@localhost.localdomain.com
tool_generator_000947,moodle,947,testuser,test947@localhost.localdomain.com
tool_generator_000948,moodle,948,testuser,test948@localhost.localdomain.com
tool_generator_000949,moodle,949,testuser,test949@localhost.localdomain.com
tool_generator_000950,moodle,950,testuser,test950@localhost.localdomain.com
tool_generator_000951,moodle,951,testuser,test951@localhost.localdomain.com
tool_generator_000952,moodle,952,testuser,test952@localhost.localdomain.com
tool_generator_000953,moodle,953,testuser,test953@localhost.localdomain.com
tool_generator_000954,moodle,954,testuser,test954@localhost.localdomain.com
tool_generator_000955,moodle,955,testuser,test955@localhost.localdomain.com
tool_generator_000956,moodle,956,testuser,test956@localhost.localdomain.com
tool_generator_000957,moodle,957,testuser,test957@localhost.localdomain.com
tool_generator_000958,moodle,958,testuser,test958@localhost.localdomain.com
tool_generator_000959,moodle,959,testuser,test959@localhost.localdomain.com
tool_generator_000960,moodle,960,testuser,test960@localhost.localdomain.com
tool_generator_000961,moodle,961,testuser,test961@localhost.localdomain.com
tool_generator_000962,moodle,962,testuser,test962@localhost.localdomain.com
tool_generator_000963,moodle,963,testuser,test963@localhost.localdomain.com
tool_generator_000964,moodle,964,testuser,test964@localhost.localdomain.com
tool_generator_000965,moodle,965,testuser,test965@localhost.localdomain.com
tool_generator_000966,moodle,966,testuser,test966@localhost.localdomain.com
tool_generator_000967,moodle,967,testuser,test967@localhost.localdomain.com
tool_generator_000968,moodle,968,testuser,test968@localhost.localdomain.com
tool_generator_000969,moodle,969,testuser,test969@localhost.localdomain.com
tool_generator_000970,moodle,970,testuser,test970@localhost.localdomain.com
tool_generator_000971,moodle,971,testuser,test971@localhost.localdomain.com
tool_generator_000972,moodle,972,testuser,test972@localhost.localdomain.com
tool_generator_000973,moodle,973,testuser,test973@localhost.localdomain.com
tool_generator_000974,moodle,974,testuser,test974@localhost.localdomain.com
tool_generator_000975,moodle,975,testuser,test975@localhost.localdomain.com
tool_generator_000976,moodle,976,testuser,test976@localhost.localdomain.com
tool_generator_000977,moodle,977,testuser,test977@localhost.localdomain.com
tool_generator_000978,moodle,978,testuser,test978@localhost.localdomain.com
tool_generator_000979,moodle,979,testuser,test979@localhost.localdomain.com
tool_generator_000980,moodle,980,testuser,test980@localhost.localdomain.com
tool_generator_000981,moodle,981,testuser,test981@localhost.localdomain.com
tool_generator_000982,moodle,982,testuser,test982@localhost.localdomain.com
tool_generator_000983,moodle,983,testuser,test983@localhost.localdomain.com
tool_generator_000984,moodle,984,testuser,test984@localhost.localdomain.com
tool_generator_000985,moodle,985,testuser,test985@localhost.localdomain.com
tool_generator_000986,moodle,986,testuser,test986@localhost.localdomain.com
tool_generator_000987,moodle,987,testuser,test987@localhost.localdomain.com
tool_generator_000988,moodle,988,testuser,test988@localhost.localdomain.com
tool_generator_000989,moodle,989,testuser,test989@localhost.localdomain.com
tool_generator_000990,moodle,990,testuser,test990@localhost.localdomain.com
tool_generator_000991,moodle,991,testuser,test991@localhost.localdomain.com
tool_generator_000992,moodle,992,testuser,test992@localhost.localdomain.com
tool_generator_000993,moodle,993,testuser,test993@localhost.localdomain.com
tool_generator_000994,moodle,994,testuser,test994@localhost.localdomain.com
tool_generator_000995,moodle,995,testuser,test995@localhost.localdomain.com
tool_generator_000996,moodle,996,testuser,test996@localhost.localdomain.com
tool_generator_000997,moodle,997,testuser,test997@localhost.localdomain.com
tool_generator_000998,moodle,998,testuser,test998@localhost.localdomain.com
tool_generator_000999,moodle,999,testuser,test999@localhost.localdomain.com
tool_generator_001000,moodle,1000,testuser,test1000@localhost.localdomain.com
